epoch_seconds	unpublished	unprojected	event
1789314524	0	0	sample
1789314526	12	8	sample
1789314529	7	8	sample
1789314531	7	8	sample
1789314533	8	9	sample
1789314536	7	7	sample
1789314538	9	7	sample
1789314542	45	54	sample
1789314545	181	148	sample
1789314549	343	243	sample
1789314552	483	335	sample
1789314555	692	437	sample
1789314559	869	536	sample
1789314562	1032	629	sample
1789314566	1219	746	sample
1789314569	1393	839	sample
1789314573	1557	949	sample
1789314576	1717	1032	sample
1789314580	1880	1138	sample
1789314583	2037	1236	sample
1789314587	2209	1336	sample
1789314590	2365	1433	sample
1789314594	2548	1540	sample
1789314598	2715	1641	sample
